E-mail,"First name",Surname,Region,Role,Mentor,Menteecol,HashPass,Sector
jose.garcia@site.eu,Jose,Garcia,3,1,perezh@abv.bg,,83aa70efe4ed0ca46336d5f24eb7e8bcb75f4b566b27c37b8d9cc6e8,Consulting
julia.robertson@gmail.com,Julia,Robertson,1,4,cruz.julia@yahoo.com,,3f15102884ea680ce3b522c512bb4fdac2e5819c54fb8163b387133f,Consulting
karim.mechkar@hotmail.com,Karim,Mechkar,14,5,francesca.roberts@gmail.com,,2f9a92efbcade8251d40f15dc340b2bab2ccedf099f04cafa74643f0,IT
karl.mcallister@yahoo.com,Karl,McAllister,15,3,hgarcia@jp.br,,eb0254773e020853b1fc01a964ed6c1ac0459a5dbee1b3ba6770e592,Travel
louis.montpeiller@knit.org,Louis,Montpeiller,5,1,simson.john@yahoo.com,,10293a7d285f14bb23fe09181c4e09d3fcf956399d7a94fb69d5d523,Fashion
lu.jun@random.jp,Lu,Jun,10,6,paul.franklin@c4g.com,,c5bc8363558e170771363ab63bcc1ab8e47e5dee0ef2f275903a72cd,Services
ming.liang@post.org,Ming,Liang,11,7,lola.martinez@espan.es,,39fe830cb4e254654e9087e0b77997d8404037c3dbed46c3eb99debe,Food
omar.raheem@c4g.com,Omar,Raheem,13,3,griffin.homer@gmail.com,,aaae8f86690070b538d2fc141d6389dd9ce0e7d8e0a4d800384f9454,Education
pauline.papillon@real.org,Pauline,Papillon,4,2,chrissy7117@gbg.gb,,51d231ebcca798bf7563e2ed3b9deb570a84c6524d87bddd3765bd18,Fashion
roberto.rossi@mode.com,Roberto,Rossi,5,2,peter.poter@gmail.com,,a2efc77b5d3c5e14ce7d0520115b32bba3426c1463d93d36a368fed7,Retail
